{
  "STANDARD": {
    "A4": {
      "10": {
        "price_breaks": [
          "\u00a0$ 986.60\u00a0",
          "\u00a0$ 230.31\u00a0",
          "\u00a0$ 118.57\u00a0",
          "\u00a0$ 77.91\u00a0",
          "\u00a0$ 63.98\u00a0",
          "\u00a0$ 47.71\u00a0",
          "\u00a0$ 26.93\u00a0",
          "\u00a0$ 19.59\u00a0",
          "\u00a0$ 15.08\u00a0",
          "\u00a0$ 9.27\u00a0",
          "\u00a0$ 6.14\u00a0",
          "\u00a0$ 5.60\u00a0",
          "\u00a0$ 4.85\u00a0",
          "\u00a0$ 4.45\u00a0",
          "\u00a0$ 4.18\u00a0",
          "\u00a0$ 3.94\u00a0"
        ],
        "NEW": 0,
        "RESET": 0
      },
      "1": {
        "price_breaks": [
          "\u00a0$ 85.15\u00a0",
          "\u00a0$ 25.68\u00a0",
          "\u00a0$ 14.02\u00a0",
          "\u00a0$ 9.27\u00a0",
          "\u00a0$ 8.50\u00a0",
          "\u00a0$ 6.06\u00a0",
          "\u00a0$ 4.14\u00a0",
          "\u00a0$ 3.37\u00a0",
          "\u00a0$ 2.75\u00a0",
          "\u00a0$ 2.20\u00a0",
          "\u00a0$ 1.81\u00a0",
          "\u00a0$ 1.70\u00a0",
          "\u00a0$ 1.59\u00a0",
          "\u00a0$ 1.50\u00a0",
          "\u00a0$ 1.42\u00a0",
          "\u00a0$ 1.35\u00a0"
        ],
        "NEW": 0,
        "RESET": 0
      },
      "2": {
        "price_breaks": [
          "\u00a0$ 144.27\u00a0",
          "\u00a0$ 40.06\u00a0",
          "\u00a0$ 21.51\u00a0",
          "\u00a0$ 14.11\u00a0",
          "\u00a0$ 12.56\u00a0",
          "\u00a0$ 8.98\u00a0",
          "\u00a0$ 5.83\u00a0",
          "\u00a0$ 4.60\u00a0",
          "\u00a0$ 3.68\u00a0",
          "\u00a0$ 2.80\u00a0",
          "\u00a0$ 2.24\u00a0",
          "\u00a0$ 2.10\u00a0",
          "\u00a0$ 1.93\u00a0",
          "\u00a0$ 1.82\u00a0",
          "\u00a0$ 1.72\u00a0",
          "\u00a0$ 1.63\u00a0"
        ],
        "NEW": 0,
        "RESET": 0
      },
      "3": {
        "price_breaks": [
          "\u00a0$ 249.89\u00a0",
          "\u00a0$ 63.75\u00a0",
          "\u00a0$ 33.66\u00a0",
          "\u00a0$ 22.04\u00a0",
          "\u00a0$ 18.95\u00a0",
          "\u00a0$ 13.77\u00a0",
          "\u00a0$ 8.45\u00a0",
          "\u00a0$ 6.46\u00a0",
          "\u00a0$ 5.09\u00a0",
          "\u00a0$ 3.59\u00a0",
          "\u00a0$ 2.73\u00a0",
          "\u00a0$ 2.54\u00a0",
          "\u00a0$ 2.30\u00a0",
          "\u00a0$ 2.15\u00a0",
          "\u00a0$ 2.03\u00a0",
          "\u00a0$ 1.93\u00a0"
        ],
        "NEW": 0,
        "RESET": 0
      },
      "4": {
        "price_breaks": [
          "\u00a0$ 355.56\u00a0",
          "\u00a0$ 87.47\u00a0",
          "\u00a0$ 45.82\u00a0",
          "\u00a0$ 29.99\u00a0",
          "\u00a0$ 25.35\u00a0",
          "\u00a0$ 18.57\u00a0",
          "\u00a0$ 11.08\u00a0",
          "\u00a0$ 8.32\u00a0",
          "\u00a0$ 6.50\u00a0",
          "\u00a0$ 4.38\u00a0",
          "\u00a0$ 3.23\u00a0",
          "\u00a0$ 2.99\u00a0",
          "\u00a0$ 2.68\u00a0",
          "\u00a0$ 2.49\u00a0",
          "\u00a0$ 2.35\u00a0",
          "\u00a0$ 2.22\u00a0"
        ],
        "NEW": 0,
        "RESET": 0
      },
      "5": {
        "price_breaks": [
          "\u00a0$ 461.31\u00a0",
          "\u00a0$ 111.20\u00a0",
          "\u00a0$ 58.00\u00a0",
          "\u00a0$ 37.95\u00a0",
          "\u00a0$ 31.76\u00a0",
          "\u00a0$ 23.37\u00a0",
          "\u00a0$ 13.71\u00a0",
          "\u00a0$ 10.19\u00a0",
          "\u00a0$ 7.91\u00a0",
          "\u00a0$ 5.18\u00a0",
          "\u00a0$ 3.73\u00a0",
          "\u00a0$ 3.44\u00a0",
          "\u00a0$ 3.05\u00a0",
          "\u00a0$ 2.83\u00a0",
          "\u00a0$ 2.67\u00a0",
          "\u00a0$ 2.52\u00a0"
        ],
        "NEW": 0,
        "RESET": 0
      },
      "6": {
        "price_breaks": [
          "\u00a0$ 567.11\u00a0",
          "\u00a0$ 134.95\u00a0",
          "\u00a0$ 70.18\u00a0",
          "\u00a0$ 45.91\u00a0",
          "\u00a0$ 38.18\u00a0",
          "\u00a0$ 28.17\u00a0",
          "\u00a0$ 16.34\u00a0",
          "\u00a0$ 12.05\u00a0",
          "\u00a0$ 9.32\u00a0",
          "\u00a0$ 5.98\u00a0",
          "\u00a0$ 4.23\u00a0",
          "\u00a0$ 3.89\u00a0",
          "\u00a0$ 3.43\u00a0",
          "\u00a0$ 3.17\u00a0",
          "\u00a0$ 2.98\u00a0",
          "\u00a0$ 2.82\u00a0"
        ],
        "NEW": 0,
        "RESET": 0
      },
      "7": {
        "price_breaks": [
          "\u00a0$ 672.98\u00a0",
          "\u00a0$ 158.73\u00a0",
          "\u00a0$ 82.39\u00a0",
          "\u00a0$ 53.89\u00a0",
          "\u00a0$ 44.61\u00a0",
          "\u00a0$ 32.99\u00a0",
          "\u00a0$ 18.99\u00a0",
          "\u00a0$ 13.93\u00a0",
          "\u00a0$ 10.75\u00a0",
          "\u00a0$ 6.78\u00a0",
          "\u00a0$ 4.74\u00a0",
          "\u00a0$ 4.34\u00a0",
          "\u00a0$ 3.81\u00a0",
          "\u00a0$ 3.51\u00a0",
          "\u00a0$ 3.30\u00a0",
          "\u00a0$ 3.12\u00a0"
        ],
        "NEW": 0,
        "RESET": 0
      },
      "8": {
        "price_breaks": [
          "\u00a0$ 777.47\u00a0",
          "\u00a0$ 182.56\u00a0",
          "\u00a0$ 94.44\u00a0",
          "\u00a0$ 61.89\u00a0",
          "\u00a0$ 51.05\u00a0",
          "\u00a0$ 37.89\u00a0",
          "\u00a0$ 21.63\u00a0",
          "\u00a0$ 15.81\u00a0",
          "\u00a0$ 12.19\u00a0",
          "\u00a0$ 7.61\u00a0",
          "\u00a0$ 5.20\u00a0",
          "\u00a0$ 4.76\u00a0",
          "\u00a0$ 4.15\u00a0",
          "\u00a0$ 3.82\u00a0",
          "\u00a0$ 3.59\u00a0",
          "\u00a0$ 3.40\u00a0"
        ],
        "NEW": 0,
        "RESET": 0
      },
      "9": {
        "price_breaks": [
          "\u00a0$ 882.01\u00a0",
          "\u00a0$ 206.42\u00a0",
          "\u00a0$ 106.50\u00a0",
          "\u00a0$ 69.89\u00a0",
          "\u00a0$ 57.51\u00a0",
          "\u00a0$ 42.79\u00a0",
          "\u00a0$ 24.28\u00a0",
          "\u00a0$ 17.70\u00a0",
          "\u00a0$ 13.63\u00a0",
          "\u00a0$ 8.44\u00a0",
          "\u00a0$ 5.67\u00a0",
          "\u00a0$ 5.18\u00a0",
          "\u00a0$ 4.50\u00a0",
          "\u00a0$ 4.13\u00a0",
          "\u00a0$ 3.88\u00a0",
          "\u00a0$ 3.67\u00a0"
        ],
        "NEW": 0,
        "RESET": 0
      }
    },
    "A5": {
      "10": {
        "price_breaks": [
          "\u00a0$ 544.15\u00a0",
          "\u00a0$ 136.98\u00a0",
          "\u00a0$ 72.68\u00a0",
          "\u00a0$ 47.74\u00a0",
          "\u00a0$ 40.93\u00a0",
          "\u00a0$ 29.63\u00a0",
          "\u00a0$ 17.86\u00a0",
          "\u00a0$ 13.51\u00a0",
          "\u00a0$ 10.52\u00a0",
          "\u00a0$ 7.29\u00a0",
          "\u00a0$ 5.32\u00a0",
          "\u00a0$ 4.85\u00a0",
          "\u00a0$ 4.38\u00a0",
          "\u00a0$ 4.07\u00a0",
          "\u00a0$ 3.85\u00a0",
          "\u00a0$ 3.64\u00a0"
        ],
        "NEW": 0,
        "RESET": 0
      },
      "1": {
        "price_breaks": [
          "\u00a0$ 72.00\u00a0",
          "\u00a0$ 21.69\u00a0",
          "\u00a0$ 12.28\u00a0",
          "\u00a0$ 8.19\u00a0",
          "\u00a0$ 7.57\u00a0",
          "\u00a0$ 5.35\u00a0",
          "\u00a0$ 3.74\u00a0",
          "\u00a0$ 3.06\u00a0",
          "\u00a0$ 2.50\u00a0",
          "\u00a0$ 2.02\u00a0",
          "\u00a0$ 1.66\u00a0",
          "\u00a0$ 1.56\u00a0",
          "\u00a0$ 1.46\u00a0",
          "\u00a0$ 1.38\u00a0",
          "\u00a0$ 1.30\u00a0",
          "\u00a0$ 1.24\u00a0"
        ],
        "NEW": 0,
        "RESET": 0
      },
      "2": {
        "price_breaks": [
          "\u00a0$ 120.56\u00a0",
          "\u00a0$ 33.57\u00a0",
          "\u00a0$ 18.57\u00a0",
          "\u00a0$ 12.26\u00a0",
          "\u00a0$ 11.02\u00a0",
          "\u00a0$ 7.83\u00a0",
          "\u00a0$ 5.20\u00a0",
          "\u00a0$ 4.14\u00a0",
          "\u00a0$ 3.32\u00a0",
          "\u00a0$ 2.56\u00a0",
          "\u00a0$ 2.06\u00a0",
          "\u00a0$ 1.92\u00a0",
          "\u00a0$ 1.78\u00a0",
          "\u00a0$ 1.68\u00a0",
          "\u00a0$ 1.59\u00a0",
          "\u00a0$ 1.51\u00a0"
        ],
        "NEW": 0,
        "RESET": 0
      },
      "3": {
        "price_breaks": [
          "\u00a0$ 169.18\u00a0",
          "\u00a0$ 45.47\u00a0",
          "\u00a0$ 24.88\u00a0",
          "\u00a0$ 16.34\u00a0",
          "\u00a0$ 14.49\u00a0",
          "\u00a0$ 10.31\u00a0",
          "\u00a0$ 6.67\u00a0",
          "\u00a0$ 5.23\u00a0",
          "\u00a0$ 4.15\u00a0",
          "\u00a0$ 3.11\u00a0",
          "\u00a0$ 2.46\u00a0",
          "\u00a0$ 2.30\u00a0",
          "\u00a0$ 2.11\u00a0",
          "\u00a0$ 1.98\u00a0",
          "\u00a0$ 1.88\u00a0",
          "\u00a0$ 1.78\u00a0"
        ],
        "NEW": 0,
        "RESET": 0
      },
      "4": {
        "price_breaks": [
          "\u00a0$ 255.01\u00a0",
          "\u00a0$ 64.82\u00a0",
          "\u00a0$ 34.92\u00a0",
          "\u00a0$ 22.91\u00a0",
          "\u00a0$ 19.82\u00a0",
          "\u00a0$ 14.29\u00a0",
          "\u00a0$ 8.89\u00a0",
          "\u00a0$ 6.82\u00a0",
          "\u00a0$ 5.35\u00a0",
          "\u00a0$ 3.81\u00a0",
          "\u00a0$ 2.92\u00a0",
          "\u00a0$ 2.71\u00a0",
          "\u00a0$ 2.46\u00a0",
          "\u00a0$ 2.30\u00a0",
          "\u00a0$ 2.18\u00a0",
          "\u00a0$ 2.06\u00a0"
        ],
        "NEW": 0,
        "RESET": 0
      },
      "5": {
        "price_breaks": [
          "\u00a0$ 303.76\u00a0",
          "\u00a0$ 76.76\u00a0",
          "\u00a0$ 41.25\u00a0",
          "\u00a0$ 27.01\u00a0",
          "\u00a0$ 23.30\u00a0",
          "\u00a0$ 16.78\u00a0",
          "\u00a0$ 10.36\u00a0",
          "\u00a0$ 7.91\u00a0",
          "\u00a0$ 6.19\u00a0",
          "\u00a0$ 4.36\u00a0",
          "\u00a0$ 3.32\u00a0",
          "\u00a0$ 3.08\u00a0",
          "\u00a0$ 2.80\u00a0",
          "\u00a0$ 2.61\u00a0",
          "\u00a0$ 2.47\u00a0",
          "\u00a0$ 2.34\u00a0"
        ],
        "NEW": 0,
        "RESET": 0
      },
      "6": {
        "price_breaks": [
          "\u00a0$ 352.57\u00a0",
          "\u00a0$ 88.73\u00a0",
          "\u00a0$ 47.60\u00a0",
          "\u00a0$ 31.12\u00a0",
          "\u00a0$ 26.79\u00a0",
          "\u00a0$ 19.28\u00a0",
          "\u00a0$ 11.85\u00a0",
          "\u00a0$ 9.01\u00a0",
          "\u00a0$ 7.02\u00a0",
          "\u00a0$ 4.92\u00a0",
          "\u00a0$ 3.73\u00a0",
          "\u00a0$ 3.46\u00a0",
          "\u00a0$ 3.14\u00a0",
          "\u00a0$ 2.93\u00a0",
          "\u00a0$ 2.76\u00a0",
          "\u00a0$ 2.62\u00a0"
        ],
        "NEW": 0,
        "RESET": 0
      },
      "7": {
        "price_breaks": [
          "\u00a0$ 401.45\u00a0",
          "\u00a0$ 100.72\u00a0",
          "\u00a0$ 53.97\u00a0",
          "\u00a0$ 35.25\u00a0",
          "\u00a0$ 30.30\u00a0",
          "\u00a0$ 21.79\u00a0",
          "\u00a0$ 13.34\u00a0",
          "\u00a0$ 10.12\u00a0",
          "\u00a0$ 7.87\u00a0",
          "\u00a0$ 5.48\u00a0",
          "\u00a0$ 4.15\u00a0",
          "\u00a0$ 3.84\u00a0",
          "\u00a0$ 3.48\u00a0",
          "\u00a0$ 3.24\u00a0",
          "\u00a0$ 3.07\u00a0",
          "\u00a0$ 2.90\u00a0"
        ],
        "NEW": 0,
        "RESET": 0
      },
      "8": {
        "price_breaks": [
          "\u00a0$ 448.97\u00a0",
          "\u00a0$ 112.78\u00a0",
          "\u00a0$ 60.19\u00a0",
          "\u00a0$ 39.40\u00a0",
          "\u00a0$ 33.83\u00a0",
          "\u00a0$ 24.40\u00a0",
          "\u00a0$ 14.84\u00a0",
          "\u00a0$ 11.25\u00a0",
          "\u00a0$ 8.75\u00a0",
          "\u00a0$ 6.08\u00a0",
          "\u00a0$ 4.54\u00a0",
          "\u00a0$ 4.18\u00a0",
          "\u00a0$ 3.78\u00a0",
          "\u00a0$ 3.52\u00a0",
          "\u00a0$ 3.32\u00a0",
          "\u00a0$ 3.15\u00a0"
        ],
        "NEW": 0,
        "RESET": 0
      },
      "9": {
        "price_breaks": [
          "\u00a0$ 496.54\u00a0",
          "\u00a0$ 124.87\u00a0",
          "\u00a0$ 66.43\u00a0",
          "\u00a0$ 43.57\u00a0",
          "\u00a0$ 37.38\u00a0",
          "\u00a0$ 27.01\u00a0",
          "\u00a0$ 16.35\u00a0",
          "\u00a0$ 12.38\u00a0",
          "\u00a0$ 9.63\u00a0",
          "\u00a0$ 6.68\u00a0",
          "\u00a0$ 4.93\u00a0",
          "\u00a0$ 4.51\u00a0",
          "\u00a0$ 4.07\u00a0",
          "\u00a0$ 3.80\u00a0",
          "\u00a0$ 3.58\u00a0",
          "\u00a0$ 3.40\u00a0"
        ],
        "NEW": 0,
        "RESET": 0
      }
    },
    "A6": {
      "10": {
        "price_breaks": [
          "\u00a0$ 413.38\u00a0",
          "\u00a0$ 110.44\u00a0",
          "\u00a0$ 59.46\u00a0",
          "\u00a0$ 38.91\u00a0",
          "\u00a0$ 34.27\u00a0",
          "\u00a0$ 24.27\u00a0",
          "\u00a0$ 15.13\u00a0",
          "\u00a0$ 11.65\u00a0",
          "\u00a0$ 9.07\u00a0",
          "\u00a0$ 6.63\u00a0",
          "\u00a0$ 5.02\u00a0",
          "\u00a0$ 4.55\u00a0",
          "\u00a0$ 4.16\u00a0",
          "\u00a0$ 3.90\u00a0",
          "\u00a0$ 3.68\u00a0",
          "\u00a0$ 3.49\u00a0"
        ],
        "NEW": 0,
        "RESET": 0
      },
      "1": {
        "price_breaks": [
          "\u00a0$ 61.99\u00a0",
          "\u00a0$ 19.36\u00a0",
          "\u00a0$ 11.18\u00a0",
          "\u00a0$ 7.45\u00a0",
          "\u00a0$ 6.99\u00a0",
          "\u00a0$ 4.87\u00a0",
          "\u00a0$ 3.47\u00a0",
          "\u00a0$ 2.86\u00a0",
          "\u00a0$ 2.32\u00a0",
          "\u00a0$ 1.90\u00a0",
          "\u00a0$ 1.58\u00a0",
          "\u00a0$ 1.48\u00a0",
          "\u00a0$ 1.39\u00a0",
          "\u00a0$ 1.31\u00a0",
          "\u00a0$ 1.24\u00a0",
          "\u00a0$ 1.18\u00a0"
        ],
        "NEW": 0,
        "RESET": 0
      },
      "2": {
        "price_breaks": [
          "\u00a0$ 101.25\u00a0",
          "\u00a0$ 29.36\u00a0",
          "\u00a0$ 16.53\u00a0",
          "\u00a0$ 10.89\u00a0",
          "\u00a0$ 9.96\u00a0",
          "\u00a0$ 6.96\u00a0",
          "\u00a0$ 4.73\u00a0",
          "\u00a0$ 3.80\u00a0",
          "\u00a0$ 3.04\u00a0",
          "\u00a0$ 2.39\u00a0",
          "\u00a0$ 1.95\u00a0",
          "\u00a0$ 1.82\u00a0",
          "\u00a0$ 1.70\u00a0",
          "\u00a0$ 1.60\u00a0",
          "\u00a0$ 1.52\u00a0",
          "\u00a0$ 1.44\u00a0"
        ],
        "NEW": 0,
        "RESET": 0
      },
      "3": {
        "price_breaks": [
          "\u00a0$ 140.58\u00a0",
          "\u00a0$ 39.40\u00a0",
          "\u00a0$ 21.90\u00a0",
          "\u00a0$ 14.35\u00a0",
          "\u00a0$ 12.96\u00a0",
          "\u00a0$ 9.07\u00a0",
          "\u00a0$ 6.01\u00a0",
          "\u00a0$ 4.76\u00a0",
          "\u00a0$ 3.76\u00a0",
          "\u00a0$ 2.90\u00a0",
          "\u00a0$ 2.33\u00a0",
          "\u00a0$ 2.18\u00a0",
          "\u00a0$ 2.02\u00a0",
          "\u00a0$ 1.90\u00a0",
          "\u00a0$ 1.80\u00a0",
          "\u00a0$ 1.71\u00a0"
        ],
        "NEW": 0,
        "RESET": 0
      },
      "4": {
        "price_breaks": [
          "\u00a0$ 179.97\u00a0",
          "\u00a0$ 49.46\u00a0",
          "\u00a0$ 27.29\u00a0",
          "\u00a0$ 17.82\u00a0",
          "\u00a0$ 15.96\u00a0",
          "\u00a0$ 11.18\u00a0",
          "\u00a0$ 7.29\u00a0",
          "\u00a0$ 5.72\u00a0",
          "\u00a0$ 4.49\u00a0",
          "\u00a0$ 3.40\u00a0",
          "\u00a0$ 2.72\u00a0",
          "\u00a0$ 2.53\u00a0",
          "\u00a0$ 2.34\u00a0",
          "\u00a0$ 2.20\u00a0",
          "\u00a0$ 2.08\u00a0",
          "\u00a0$ 1.97\u00a0"
        ],
        "NEW": 0,
        "RESET": 0
      },
      "5": {
        "price_breaks": [
          "\u00a0$ 219.42\u00a0",
          "\u00a0$ 59.53\u00a0",
          "\u00a0$ 32.69\u00a0",
          "\u00a0$ 21.29\u00a0",
          "\u00a0$ 18.97\u00a0",
          "\u00a0$ 13.29\u00a0",
          "\u00a0$ 8.57\u00a0",
          "\u00a0$ 6.68\u00a0",
          "\u00a0$ 5.22\u00a0",
          "\u00a0$ 3.90\u00a0",
          "\u00a0$ 3.10\u00a0",
          "\u00a0$ 2.89\u00a0",
          "\u00a0$ 2.66\u00a0",
          "\u00a0$ 2.49\u00a0",
          "\u00a0$ 2.36\u00a0",
          "\u00a0$ 2.24\u00a0"
        ],
        "NEW": 0,
        "RESET": 0
      },
      "6": {
        "price_breaks": [
          "\u00a0$ 258.95\u00a0",
          "\u00a0$ 69.63\u00a0",
          "\u00a0$ 38.10\u00a0",
          "\u00a0$ 24.78\u00a0",
          "\u00a0$ 21.99\u00a0",
          "\u00a0$ 15.42\u00a0",
          "\u00a0$ 9.87\u00a0",
          "\u00a0$ 7.66\u00a0",
          "\u00a0$ 5.96\u00a0",
          "\u00a0$ 4.42\u00a0",
          "\u00a0$ 3.49\u00a0",
          "\u00a0$ 3.25\u00a0",
          "\u00a0$ 2.99\u00a0",
          "\u00a0$ 2.80\u00a0",
          "\u00a0$ 2.65\u00a0",
          "\u00a0$ 2.51\u00a0"
        ],
        "NEW": 0,
        "RESET": 0
      },
      "7": {
        "price_breaks": [
          "\u00a0$ 298.53\u00a0",
          "\u00a0$ 79.75\u00a0",
          "\u00a0$ 43.53\u00a0",
          "\u00a0$ 28.27\u00a0",
          "\u00a0$ 25.02\u00a0",
          "\u00a0$ 17.55\u00a0",
          "\u00a0$ 11.17\u00a0",
          "\u00a0$ 8.63\u00a0",
          "\u00a0$ 6.70\u00a0",
          "\u00a0$ 4.93\u00a0",
          "\u00a0$ 3.88\u00a0",
          "\u00a0$ 3.61\u00a0",
          "\u00a0$ 3.32\u00a0",
          "\u00a0$ 3.11\u00a0",
          "\u00a0$ 2.94\u00a0",
          "\u00a0$ 2.79\u00a0"
        ],
        "NEW": 0,
        "RESET": 0
      },
      "8": {
        "price_breaks": [
          "\u00a0$ 336.76\u00a0",
          "\u00a0$ 89.96\u00a0",
          "\u00a0$ 48.83\u00a0",
          "\u00a0$ 31.81\u00a0",
          "\u00a0$ 28.10\u00a0",
          "\u00a0$ 19.78\u00a0",
          "\u00a0$ 12.48\u00a0",
          "\u00a0$ 9.63\u00a0",
          "\u00a0$ 7.49\u00a0",
          "\u00a0$ 5.49\u00a0",
          "\u00a0$ 4.25\u00a0",
          "\u00a0$ 3.92\u00a0",
          "\u00a0$ 3.60\u00a0",
          "\u00a0$ 3.37\u00a0",
          "\u00a0$ 3.19\u00a0",
          "\u00a0$ 3.02\u00a0"
        ],
        "NEW": 0,
        "RESET": 0
      },
      "9": {
        "price_breaks": [
          "\u00a0$ 375.04\u00a0",
          "\u00a0$ 100.19\u00a0",
          "\u00a0$ 54.14\u00a0",
          "\u00a0$ 35.35\u00a0",
          "\u00a0$ 31.18\u00a0",
          "\u00a0$ 22.03\u00a0",
          "\u00a0$ 13.80\u00a0",
          "\u00a0$ 10.64\u00a0",
          "\u00a0$ 8.28\u00a0",
          "\u00a0$ 6.06\u00a0",
          "\u00a0$ 4.63\u00a0",
          "\u00a0$ 4.24\u00a0",
          "\u00a0$ 3.88\u00a0",
          "\u00a0$ 3.63\u00a0",
          "\u00a0$ 3.43\u00a0",
          "\u00a0$ 3.26\u00a0"
        ],
        "NEW": 0,
        "RESET": 0
      }
    },
    "A3": {
      "10": {
        "price_breaks": [
          "\u00a0$ 785.62\u00a0",
          "\u00a0$ 208.88\u00a0",
          "\u00a0$ 108.04\u00a0",
          "\u00a0$ 68.94\u00a0",
          "\u00a0$ 58.88\u00a0",
          "\u00a0$ 44.67\u00a0",
          "\u00a0$ 26.26\u00a0",
          "\u00a0$ 18.97\u00a0",
          "\u00a0$ 14.98\u00a0",
          "\u00a0$ 10.44\u00a0",
          "\u00a0$ 7.28\u00a0",
          "\u00a0$ 6.42\u00a0",
          "\u00a0$ 5.75\u00a0",
          "\u00a0$ 5.34\u00a0",
          "\u00a0$ 5.04\u00a0",
          "\u00a0$ 4.77\u00a0"
        ],
        "NEW": 0,
        "RESET": 0
      },
      "1": {
        "price_breaks": [
          "\u00a0$ 107.47\u00a0",
          "\u00a0$ 36.82\u00a0",
          "\u00a0$ 19.72\u00a0",
          "\u00a0$ 12.62\u00a0",
          "\u00a0$ 11.62\u00a0",
          "\u00a0$ 9.07\u00a0",
          "\u00a0$ 6.20\u00a0",
          "\u00a0$ 4.80\u00a0",
          "\u00a0$ 4.04\u00a0",
          "\u00a0$ 3.32\u00a0",
          "\u00a0$ 2.57\u00a0",
          "\u00a0$ 2.29\u00a0",
          "\u00a0$ 2.14\u00a0",
          "\u00a0$ 2.02\u00a0",
          "\u00a0$ 1.91\u00a0",
          "\u00a0$ 1.81\u00a0"
        ],
        "NEW": 0,
        "RESET": 0
      },
      "2": {
        "price_breaks": [
          "\u00a0$ 183.61\u00a0",
          "\u00a0$ 56.38\u00a0",
          "\u00a0$ 29.80\u00a0",
          "\u00a0$ 18.98\u00a0",
          "\u00a0$ 16.97\u00a0",
          "\u00a0$ 13.13\u00a0",
          "\u00a0$ 8.50\u00a0",
          "\u00a0$ 6.41\u00a0",
          "\u00a0$ 5.28\u00a0",
          "\u00a0$ 4.14\u00a0",
          "\u00a0$ 3.11\u00a0",
          "\u00a0$ 2.77\u00a0",
          "\u00a0$ 2.56\u00a0",
          "\u00a0$ 2.40\u00a0",
          "\u00a0$ 2.28\u00a0",
          "\u00a0$ 2.16\u00a0"
        ],
        "NEW": 0,
        "RESET": 0
      },
      "3": {
        "price_breaks": [
          "\u00a0$ 259.84\u00a0",
          "\u00a0$ 75.97\u00a0",
          "\u00a0$ 39.91\u00a0",
          "\u00a0$ 25.36\u00a0",
          "\u00a0$ 22.34\u00a0",
          "\u00a0$ 17.20\u00a0",
          "\u00a0$ 10.81\u00a0",
          "\u00a0$ 8.03\u00a0",
          "\u00a0$ 6.54\u00a0",
          "\u00a0$ 4.97\u00a0",
          "\u00a0$ 3.66\u00a0",
          "\u00a0$ 3.25\u00a0",
          "\u00a0$ 2.98\u00a0",
          "\u00a0$ 2.79\u00a0",
          "\u00a0$ 2.64\u00a0",
          "\u00a0$ 2.51\u00a0"
        ],
        "NEW": 0,
        "RESET": 0
      },
      "4": {
        "price_breaks": [
          "\u00a0$ 336.15\u00a0",
          "\u00a0$ 95.60\u00a0",
          "\u00a0$ 50.04\u00a0",
          "\u00a0$ 31.74\u00a0",
          "\u00a0$ 27.72\u00a0",
          "\u00a0$ 21.28\u00a0",
          "\u00a0$ 13.12\u00a0",
          "\u00a0$ 9.65\u00a0",
          "\u00a0$ 7.79\u00a0",
          "\u00a0$ 5.80\u00a0",
          "\u00a0$ 4.22\u00a0",
          "\u00a0$ 3.74\u00a0",
          "\u00a0$ 3.41\u00a0",
          "\u00a0$ 3.19\u00a0",
          "\u00a0$ 3.02\u00a0",
          "\u00a0$ 2.86\u00a0"
        ],
        "NEW": 0,
        "RESET": 0
      },
      "5": {
        "price_breaks": [
          "\u00a0$ 412.53\u00a0",
          "\u00a0$ 115.26\u00a0",
          "\u00a0$ 60.19\u00a0",
          "\u00a0$ 38.14\u00a0",
          "\u00a0$ 33.11\u00a0",
          "\u00a0$ 25.37\u00a0",
          "\u00a0$ 15.44\u00a0",
          "\u00a0$ 11.27\u00a0",
          "\u00a0$ 9.05\u00a0",
          "\u00a0$ 6.63\u00a0",
          "\u00a0$ 4.77\u00a0",
          "\u00a0$ 4.22\u00a0",
          "\u00a0$ 3.84\u00a0",
          "\u00a0$ 3.58\u00a0",
          "\u00a0$ 3.39\u00a0",
          "\u00a0$ 3.21\u00a0"
        ],
        "NEW": 0,
        "RESET": 0
      },
      "6": {
        "price_breaks": [
          "\u00a0$ 488.99\u00a0",
          "\u00a0$ 134.96\u00a0",
          "\u00a0$ 70.36\u00a0",
          "\u00a0$ 44.55\u00a0",
          "\u00a0$ 38.52\u00a0",
          "\u00a0$ 29.48\u00a0",
          "\u00a0$ 17.77\u00a0",
          "\u00a0$ 12.90\u00a0",
          "\u00a0$ 10.32\u00a0",
          "\u00a0$ 7.47\u00a0",
          "\u00a0$ 5.33\u00a0",
          "\u00a0$ 4.72\u00a0",
          "\u00a0$ 4.27\u00a0",
          "\u00a0$ 3.98\u00a0",
          "\u00a0$ 3.77\u00a0",
          "\u00a0$ 3.57\u00a0"
        ],
        "NEW": 0,
        "RESET": 0
      },
      "7": {
        "price_breaks": [
          "\u00a0$ 565.53\u00a0",
          "\u00a0$ 154.69\u00a0",
          "\u00a0$ 80.55\u00a0",
          "\u00a0$ 50.98\u00a0",
          "\u00a0$ 43.94\u00a0",
          "\u00a0$ 33.59\u00a0",
          "\u00a0$ 20.11\u00a0",
          "\u00a0$ 14.54\u00a0",
          "\u00a0$ 11.59\u00a0",
          "\u00a0$ 8.31\u00a0",
          "\u00a0$ 5.90\u00a0",
          "\u00a0$ 5.21\u00a0",
          "\u00a0$ 4.71\u00a0",
          "\u00a0$ 4.39\u00a0",
          "\u00a0$ 4.14\u00a0",
          "\u00a0$ 3.93\u00a0"
        ],
        "NEW": 0,
        "RESET": 0
      },
      "8": {
        "price_breaks": [
          "\u00a0$ 638.84\u00a0",
          "\u00a0$ 172.73\u00a0",
          "\u00a0$ 89.70\u00a0",
          "\u00a0$ 56.95\u00a0",
          "\u00a0$ 48.91\u00a0",
          "\u00a0$ 37.28\u00a0",
          "\u00a0$ 22.15\u00a0",
          "\u00a0$ 16.01\u00a0",
          "\u00a0$ 12.72\u00a0",
          "\u00a0$ 9.02\u00a0",
          "\u00a0$ 6.36\u00a0",
          "\u00a0$ 5.61\u00a0",
          "\u00a0$ 5.05\u00a0",
          "\u00a0$ 4.70\u00a0",
          "\u00a0$ 4.44\u00a0",
          "\u00a0$ 4.21\u00a0"
        ],
        "NEW": 0,
        "RESET": 0
      },
      "9": {
        "price_breaks": [
          "\u00a0$ 712.20\u00a0",
          "\u00a0$ 190.79\u00a0",
          "\u00a0$ 98.87\u00a0",
          "\u00a0$ 62.94\u00a0",
          "\u00a0$ 53.89\u00a0",
          "\u00a0$ 40.97\u00a0",
          "\u00a0$ 24.20\u00a0",
          "\u00a0$ 17.49\u00a0",
          "\u00a0$ 13.85\u00a0",
          "\u00a0$ 9.73\u00a0",
          "\u00a0$ 6.82\u00a0",
          "\u00a0$ 6.01\u00a0",
          "\u00a0$ 5.40\u00a0",
          "\u00a0$ 5.02\u00a0",
          "\u00a0$ 4.74\u00a0",
          "\u00a0$ 4.49\u00a0"
        ],
        "NEW": 0,
        "RESET": 0
      }
    },
    "A2": {
      "10": {
        "price_breaks": [
          "\u00a0$ 1,127.36\u00a0",
          "\u00a0$ 297.84\u00a0",
          "\u00a0$ 155.94\u00a0",
          "\u00a0$ 101.79\u00a0",
          "\u00a0$ 87.86\u00a0",
          "\u00a0$ 66.17\u00a0",
          "\u00a0$ 40.15\u00a0",
          "\u00a0$ 30.10\u00a0",
          "\u00a0$ 24.02\u00a0",
          "\u00a0$ 17.30\u00a0",
          "\u00a0$ 12.61\u00a0",
          "\u00a0$ 11.41\u00a0",
          "\u00a0$ 10.36\u00a0",
          "\u00a0$ 9.67\u00a0",
          "\u00a0$ 9.14\u00a0",
          "\u00a0$ 8.66\u00a0"
        ],
        "NEW": 0,
        "RESET": 0
      },
      "1": {
        "price_breaks": [
          "\u00a0$ 161.90\u00a0",
          "\u00a0$ 54.11\u00a0",
          "\u00a0$ 29.54\u00a0",
          "\u00a0$ 19.47\u00a0",
          "\u00a0$ 18.08\u00a0",
          "\u00a0$ 13.82\u00a0",
          "\u00a0$ 9.70\u00a0",
          "\u00a0$ 7.79\u00a0",
          "\u00a0$ 6.55\u00a0",
          "\u00a0$ 5.43\u00a0",
          "\u00a0$ 4.34\u00a0",
          "\u00a0$ 3.97\u00a0",
          "\u00a0$ 3.72\u00a0",
          "\u00a0$ 3.51\u00a0",
          "\u00a0$ 3.33\u00a0",
          "\u00a0$ 3.16\u00a0"
        ],
        "NEW": 0,
        "RESET": 0
      },
      "2": {
        "price_breaks": [
          "\u00a0$ 270.20\u00a0",
          "\u00a0$ 81.53\u00a0",
          "\u00a0$ 43.86\u00a0",
          "\u00a0$ 28.68\u00a0",
          "\u00a0$ 25.89\u00a0",
          "\u00a0$ 19.69\u00a0",
          "\u00a0$ 13.14\u00a0",
          "\u00a0$ 10.28\u00a0",
          "\u00a0$ 8.50\u00a0",
          "\u00a0$ 6.76\u00a0",
          "\u00a0$ 5.29\u00a0",
          "\u00a0$ 4.82\u00a0",
          "\u00a0$ 4.48\u00a0",
          "\u00a0$ 4.21\u00a0",
          "\u00a0$ 3.99\u00a0",
          "\u00a0$ 3.79\u00a0"
        ],
        "NEW": 0,
        "RESET": 0
      },
      "3": {
        "price_breaks": [
          "\u00a0$ 378.64\u00a0",
          "\u00a0$ 109.01\u00a0",
          "\u00a0$ 58.21\u00a0",
          "\u00a0$ 37.91\u00a0",
          "\u00a0$ 33.73\u00a0",
          "\u00a0$ 25.58\u00a0",
          "\u00a0$ 16.59\u00a0",
          "\u00a0$ 12.79\u00a0",
          "\u00a0$ 10.46\u00a0",
          "\u00a0$ 8.09\u00a0",
          "\u00a0$ 6.24\u00a0",
          "\u00a0$ 5.67\u00a0",
          "\u00a0$ 5.24\u00a0",
          "\u00a0$ 4.92\u00a0",
          "\u00a0$ 4.66\u00a0",
          "\u00a0$ 4.42\u00a0"
        ],
        "NEW": 0,
        "RESET": 0
      },
      "4": {
        "price_breaks": [
          "\u00a0$ 487.23\u00a0",
          "\u00a0$ 136.54\u00a0",
          "\u00a0$ 72.60\u00a0",
          "\u00a0$ 47.17\u00a0",
          "\u00a0$ 41.60\u00a0",
          "\u00a0$ 31.48\u00a0",
          "\u00a0$ 20.05\u00a0",
          "\u00a0$ 15.30\u00a0",
          "\u00a0$ 12.43\u00a0",
          "\u00a0$ 9.44\u00a0",
          "\u00a0$ 7.20\u00a0",
          "\u00a0$ 6.54\u00a0",
          "\u00a0$ 6.01\u00a0",
          "\u00a0$ 5.64\u00a0",
          "\u00a0$ 5.34\u00a0",
          "\u00a0$ 5.06\u00a0"
        ],
        "NEW": 0,
        "RESET": 0
      },
      "5": {
        "price_breaks": [
          "\u00a0$ 595.95\u00a0",
          "\u00a0$ 164.13\u00a0",
          "\u00a0$ 87.03\u00a0",
          "\u00a0$ 56.44\u00a0",
          "\u00a0$ 49.48\u00a0",
          "\u00a0$ 37.40\u00a0",
          "\u00a0$ 23.52\u00a0",
          "\u00a0$ 17.83\u00a0",
          "\u00a0$ 14.41\u00a0",
          "\u00a0$ 10.79\u00a0",
          "\u00a0$ 8.16\u00a0",
          "\u00a0$ 7.41\u00a0",
          "\u00a0$ 6.79\u00a0",
          "\u00a0$ 6.36\u00a0",
          "\u00a0$ 6.02\u00a0",
          "\u00a0$ 5.71\u00a0"
        ],
        "NEW": 0,
        "RESET": 0
      },
      "6": {
        "price_breaks": [
          "\u00a0$ 704.82\u00a0",
          "\u00a0$ 191.78\u00a0",
          "\u00a0$ 101.48\u00a0",
          "\u00a0$ 65.74\u00a0",
          "\u00a0$ 57.38\u00a0",
          "\u00a0$ 43.34\u00a0",
          "\u00a0$ 27.01\u00a0",
          "\u00a0$ 20.36\u00a0",
          "\u00a0$ 16.40\u00a0",
          "\u00a0$ 12.14\u00a0",
          "\u00a0$ 9.13\u00a0",
          "\u00a0$ 8.28\u00a0",
          "\u00a0$ 7.57\u00a0",
          "\u00a0$ 7.09\u00a0",
          "\u00a0$ 6.70\u00a0",
          "\u00a0$ 6.35\u00a0"
        ],
        "NEW": 0,
        "RESET": 0
      },
      "7": {
        "price_breaks": [
          "\u00a0$ 813.83\u00a0",
          "\u00a0$ 219.49\u00a0",
          "\u00a0$ 115.97\u00a0",
          "\u00a0$ 75.06\u00a0",
          "\u00a0$ 65.31\u00a0",
          "\u00a0$ 49.29\u00a0",
          "\u00a0$ 30.50\u00a0",
          "\u00a0$ 22.91\u00a0",
          "\u00a0$ 18.39\u00a0",
          "\u00a0$ 13.51\u00a0",
          "\u00a0$ 10.11\u00a0",
          "\u00a0$ 9.16\u00a0",
          "\u00a0$ 8.36\u00a0",
          "\u00a0$ 7.82\u00a0",
          "\u00a0$ 7.40\u00a0",
          "\u00a0$ 7.01\u00a0"
        ],
        "NEW": 0,
        "RESET": 0
      },
      "8": {
        "price_breaks": [
          "\u00a0$ 918.24\u00a0",
          "\u00a0$ 245.56\u00a0",
          "\u00a0$ 129.27\u00a0",
          "\u00a0$ 83.95\u00a0",
          "\u00a0$ 72.81\u00a0",
          "\u00a0$ 54.90\u00a0",
          "\u00a0$ 33.71\u00a0",
          "\u00a0$ 25.29\u00a0",
          "\u00a0$ 20.26\u00a0",
          "\u00a0$ 14.77\u00a0",
          "\u00a0$ 10.94\u00a0",
          "\u00a0$ 9.91\u00a0",
          "\u00a0$ 9.02\u00a0",
          "\u00a0$ 8.43\u00a0",
          "\u00a0$ 7.97\u00a0",
          "\u00a0$ 7.56\u00a0"
        ],
        "NEW": 0,
        "RESET": 0
      },
      "9": {
        "price_breaks": [
          "\u00a0$ 1,022.74\u00a0",
          "\u00a0$ 271.67\u00a0",
          "\u00a0$ 142.59\u00a0",
          "\u00a0$ 92.86\u00a0",
          "\u00a0$ 80.33\u00a0",
          "\u00a0$ 60.53\u00a0",
          "\u00a0$ 36.93\u00a0",
          "\u00a0$ 27.69\u00a0",
          "\u00a0$ 22.14\u00a0",
          "\u00a0$ 16.03\u00a0",
          "\u00a0$ 11.77\u00a0",
          "\u00a0$ 10.66\u00a0",
          "\u00a0$ 9.69\u00a0",
          "\u00a0$ 9.05\u00a0",
          "\u00a0$ 8.55\u00a0",
          "\u00a0$ 8.10\u00a0"
        ],
        "NEW": 0,
        "RESET": 0
      }
    }
  }
}