{
  "NEW": {
    "STANDARD": {
      "A4": {
        "10": {
          "price_breaks": [
            986.6,
            230.31,
            118.57,
            77.91,
            63.98,
            47.71,
            26.93,
            19.59,
            15.08,
            9.27,
            6.14,
            5.6,
            4.85,
            4.45,
            4.18,
            3.94
          ],
          "NEW": 0,
          "RESET": 0
        },
        "1": {
          "price_breaks": [
            85.15,
            25.68,
            14.02,
            9.27,
            8.5,
            6.06,
            4.14,
            3.37,
            2.75,
            2.2,
            1.81,
            1.7,
            1.59,
            1.5,
            1.42,
            1.35
          ],
          "NEW": 0,
          "RESET": 0
        },
        "2": {
          "price_breaks": [
            144.27,
            40.06,
            21.51,
            14.11,
            12.56,
            8.98,
            5.83,
            4.6,
            3.68,
            2.8,
            2.24,
            2.1,
            1.93,
            1.82,
            1.72,
            1.63
          ],
          "NEW": 0,
          "RESET": 0
        },
        "3": {
          "price_breaks": [
            249.89,
            63.75,
            33.66,
            22.04,
            18.95,
            13.77,
            8.45,
            6.46,
            5.09,
            3.59,
            2.73,
            2.54,
            2.3,
            2.15,
            2.03,
            1.93
          ],
          "NEW": 0,
          "RESET": 0
        },
        "4": {
          "price_breaks": [
            355.56,
            87.47,
            45.82,
            29.99,
            25.35,
            18.57,
            11.08,
            8.32,
            6.5,
            4.38,
            3.23,
            2.99,
            2.68,
            2.49,
            2.35,
            2.22
          ],
          "NEW": 0,
          "RESET": 0
        },
        "5": {
          "price_breaks": [
            461.31,
            111.2,
            58.0,
            37.95,
            31.76,
            23.37,
            13.71,
            10.19,
            7.91,
            5.18,
            3.73,
            3.44,
            3.05,
            2.83,
            2.67,
            2.52
          ],
          "NEW": 0,
          "RESET": 0
        },
        "6": {
          "price_breaks": [
            567.11,
            134.95,
            70.18,
            45.91,
            38.18,
            28.17,
            16.34,
            12.05,
            9.32,
            5.98,
            4.23,
            3.89,
            3.43,
            3.17,
            2.98,
            2.82
          ],
          "NEW": 0,
          "RESET": 0
        },
        "7": {
          "price_breaks": [
            672.98,
            158.73,
            82.39,
            53.89,
            44.61,
            32.99,
            18.99,
            13.93,
            10.75,
            6.78,
            4.74,
            4.34,
            3.81,
            3.51,
            3.3,
            3.12
          ],
          "NEW": 0,
          "RESET": 0
        },
        "8": {
          "price_breaks": [
            777.47,
            182.56,
            94.44,
            61.89,
            51.05,
            37.89,
            21.63,
            15.81,
            12.19,
            7.61,
            5.2,
            4.76,
            4.15,
            3.82,
            3.59,
            3.4
          ],
          "NEW": 0,
          "RESET": 0
        },
        "9": {
          "price_breaks": [
            882.01,
            206.42,
            106.5,
            69.89,
            57.51,
            42.79,
            24.28,
            17.7,
            13.63,
            8.44,
            5.67,
            5.18,
            4.5,
            4.13,
            3.88,
            3.67
          ],
          "NEW": 0,
          "RESET": 0
        }
      },
      "A5": {
        "10": {
          "price_breaks": [
            544.15,
            136.98,
            72.68,
            47.74,
            40.93,
            29.63,
            17.86,
            13.51,
            10.52,
            7.29,
            5.32,
            4.85,
            4.38,
            4.07,
            3.85,
            3.64
          ],
          "NEW": 0,
          "RESET": 0
        },
        "1": {
          "price_breaks": [
            72.0,
            21.69,
            12.28,
            8.19,
            7.57,
            5.35,
            3.74,
            3.06,
            2.5,
            2.02,
            1.66,
            1.56,
            1.46,
            1.38,
            1.3,
            1.24
          ],
          "NEW": 0,
          "RESET": 0
        },
        "2": {
          "price_breaks": [
            120.56,
            33.57,
            18.57,
            12.26,
            11.02,
            7.83,
            5.2,
            4.14,
            3.32,
            2.56,
            2.06,
            1.92,
            1.78,
            1.68,
            1.59,
            1.51
          ],
          "NEW": 0,
          "RESET": 0
        },
        "3": {
          "price_breaks": [
            169.18,
            45.47,
            24.88,
            16.34,
            14.49,
            10.31,
            6.67,
            5.23,
            4.15,
            3.11,
            2.46,
            2.3,
            2.11,
            1.98,
            1.88,
            1.78
          ],
          "NEW": 0,
          "RESET": 0
        },
        "4": {
          "price_breaks": [
            255.01,
            64.82,
            34.92,
            22.91,
            19.82,
            14.29,
            8.89,
            6.82,
            5.35,
            3.81,
            2.92,
            2.71,
            2.46,
            2.3,
            2.18,
            2.06
          ],
          "NEW": 0,
          "RESET": 0
        },
        "5": {
          "price_breaks": [
            303.76,
            76.76,
            41.25,
            27.01,
            23.3,
            16.78,
            10.36,
            7.91,
            6.19,
            4.36,
            3.32,
            3.08,
            2.8,
            2.61,
            2.47,
            2.34
          ],
          "NEW": 0,
          "RESET": 0
        },
        "6": {
          "price_breaks": [
            352.57,
            88.73,
            47.6,
            31.12,
            26.79,
            19.28,
            11.85,
            9.01,
            7.02,
            4.92,
            3.73,
            3.46,
            3.14,
            2.93,
            2.76,
            2.62
          ],
          "NEW": 0,
          "RESET": 0
        },
        "7": {
          "price_breaks": [
            401.45,
            100.72,
            53.97,
            35.25,
            30.3,
            21.79,
            13.34,
            10.12,
            7.87,
            5.48,
            4.15,
            3.84,
            3.48,
            3.24,
            3.07,
            2.9
          ],
          "NEW": 0,
          "RESET": 0
        },
        "8": {
          "price_breaks": [
            448.97,
            112.78,
            60.19,
            39.4,
            33.83,
            24.4,
            14.84,
            11.25,
            8.75,
            6.08,
            4.54,
            4.18,
            3.78,
            3.52,
            3.32,
            3.15
          ],
          "NEW": 0,
          "RESET": 0
        },
        "9": {
          "price_breaks": [
            496.54,
            124.87,
            66.43,
            43.57,
            37.38,
            27.01,
            16.35,
            12.38,
            9.63,
            6.68,
            4.93,
            4.51,
            4.07,
            3.8,
            3.58,
            3.4
          ],
          "NEW": 0,
          "RESET": 0
        }
      },
      "A6": {
        "10": {
          "price_breaks": [
            413.38,
            110.44,
            59.46,
            38.91,
            34.27,
            24.27,
            15.13,
            11.65,
            9.07,
            6.63,
            5.02,
            4.55,
            4.16,
            3.9,
            3.68,
            3.49
          ],
          "NEW": 0,
          "RESET": 0
        },
        "1": {
          "price_breaks": [
            61.99,
            19.36,
            11.18,
            7.45,
            6.99,
            4.87,
            3.47,
            2.86,
            2.32,
            1.9,
            1.58,
            1.48,
            1.39,
            1.31,
            1.24,
            1.18
          ],
          "NEW": 0,
          "RESET": 0
        },
        "2": {
          "price_breaks": [
            101.25,
            29.36,
            16.53,
            10.89,
            9.96,
            6.96,
            4.73,
            3.8,
            3.04,
            2.39,
            1.95,
            1.82,
            1.7,
            1.6,
            1.52,
            1.44
          ],
          "NEW": 0,
          "RESET": 0
        },
        "3": {
          "price_breaks": [
            140.58,
            39.4,
            21.9,
            14.35,
            12.96,
            9.07,
            6.01,
            4.76,
            3.76,
            2.9,
            2.33,
            2.18,
            2.02,
            1.9,
            1.8,
            1.71
          ],
          "NEW": 0,
          "RESET": 0
        },
        "4": {
          "price_breaks": [
            179.97,
            49.46,
            27.29,
            17.82,
            15.96,
            11.18,
            7.29,
            5.72,
            4.49,
            3.4,
            2.72,
            2.53,
            2.34,
            2.2,
            2.08,
            1.97
          ],
          "NEW": 0,
          "RESET": 0
        },
        "5": {
          "price_breaks": [
            219.42,
            59.53,
            32.69,
            21.29,
            18.97,
            13.29,
            8.57,
            6.68,
            5.22,
            3.9,
            3.1,
            2.89,
            2.66,
            2.49,
            2.36,
            2.24
          ],
          "NEW": 0,
          "RESET": 0
        },
        "6": {
          "price_breaks": [
            258.95,
            69.63,
            38.1,
            24.78,
            21.99,
            15.42,
            9.87,
            7.66,
            5.96,
            4.42,
            3.49,
            3.25,
            2.99,
            2.8,
            2.65,
            2.51
          ],
          "NEW": 0,
          "RESET": 0
        },
        "7": {
          "price_breaks": [
            298.53,
            79.75,
            43.53,
            28.27,
            25.02,
            17.55,
            11.17,
            8.63,
            6.7,
            4.93,
            3.88,
            3.61,
            3.32,
            3.11,
            2.94,
            2.79
          ],
          "NEW": 0,
          "RESET": 0
        },
        "8": {
          "price_breaks": [
            336.76,
            89.96,
            48.83,
            31.81,
            28.1,
            19.78,
            12.48,
            9.63,
            7.49,
            5.49,
            4.25,
            3.92,
            3.6,
            3.37,
            3.19,
            3.02
          ],
          "NEW": 0,
          "RESET": 0
        },
        "9": {
          "price_breaks": [
            375.04,
            100.19,
            54.14,
            35.35,
            31.18,
            22.03,
            13.8,
            10.64,
            8.28,
            6.06,
            4.63,
            4.24,
            3.88,
            3.63,
            3.43,
            3.26
          ],
          "NEW": 0,
          "RESET": 0
        }
      },
      "A3": {
        "10": {
          "price_breaks": [
            785.62,
            208.88,
            108.04,
            68.94,
            58.88,
            44.67,
            26.26,
            18.97,
            14.98,
            10.44,
            7.28,
            6.42,
            5.75,
            5.34,
            5.04,
            4.77
          ],
          "NEW": 0,
          "RESET": 0
        },
        "1": {
          "price_breaks": [
            107.47,
            36.82,
            19.72,
            12.62,
            11.62,
            9.07,
            6.2,
            4.8,
            4.04,
            3.32,
            2.57,
            2.29,
            2.14,
            2.02,
            1.91,
            1.81
          ],
          "NEW": 0,
          "RESET": 0
        },
        "2": {
          "price_breaks": [
            183.61,
            56.38,
            29.8,
            18.98,
            16.97,
            13.13,
            8.5,
            6.41,
            5.28,
            4.14,
            3.11,
            2.77,
            2.56,
            2.4,
            2.28,
            2.16
          ],
          "NEW": 0,
          "RESET": 0
        },
        "3": {
          "price_breaks": [
            259.84,
            75.97,
            39.91,
            25.36,
            22.34,
            17.2,
            10.81,
            8.03,
            6.54,
            4.97,
            3.66,
            3.25,
            2.98,
            2.79,
            2.64,
            2.51
          ],
          "NEW": 0,
          "RESET": 0
        },
        "4": {
          "price_breaks": [
            336.15,
            95.6,
            50.04,
            31.74,
            27.72,
            21.28,
            13.12,
            9.65,
            7.79,
            5.8,
            4.22,
            3.74,
            3.41,
            3.19,
            3.02,
            2.86
          ],
          "NEW": 0,
          "RESET": 0
        },
        "5": {
          "price_breaks": [
            412.53,
            115.26,
            60.19,
            38.14,
            33.11,
            25.37,
            15.44,
            11.27,
            9.05,
            6.63,
            4.77,
            4.22,
            3.84,
            3.58,
            3.39,
            3.21
          ],
          "NEW": 0,
          "RESET": 0
        },
        "6": {
          "price_breaks": [
            488.99,
            134.96,
            70.36,
            44.55,
            38.52,
            29.48,
            17.77,
            12.9,
            10.32,
            7.47,
            5.33,
            4.72,
            4.27,
            3.98,
            3.77,
            3.57
          ],
          "NEW": 0,
          "RESET": 0
        },
        "7": {
          "price_breaks": [
            565.53,
            154.69,
            80.55,
            50.98,
            43.94,
            33.59,
            20.11,
            14.54,
            11.59,
            8.31,
            5.9,
            5.21,
            4.71,
            4.39,
            4.14,
            3.93
          ],
          "NEW": 0,
          "RESET": 0
        },
        "8": {
          "price_breaks": [
            638.84,
            172.73,
            89.7,
            56.95,
            48.91,
            37.28,
            22.15,
            16.01,
            12.72,
            9.02,
            6.36,
            5.61,
            5.05,
            4.7,
            4.44,
            4.21
          ],
          "NEW": 0,
          "RESET": 0
        },
        "9": {
          "price_breaks": [
            712.2,
            190.79,
            98.87,
            62.94,
            53.89,
            40.97,
            24.2,
            17.49,
            13.85,
            9.73,
            6.82,
            6.01,
            5.4,
            5.02,
            4.74,
            4.49
          ],
          "NEW": 0,
          "RESET": 0
        }
      },
      "A2": {
        "10": {
          "price_breaks": [
            1127.36,
            297.84,
            155.94,
            101.79,
            87.86,
            66.17,
            40.15,
            30.1,
            24.02,
            17.3,
            12.61,
            11.41,
            10.36,
            9.67,
            9.14,
            8.66
          ],
          "NEW": 0,
          "RESET": 0
        },
        "1": {
          "price_breaks": [
            161.9,
            54.11,
            29.54,
            19.47,
            18.08,
            13.82,
            9.7,
            7.79,
            6.55,
            5.43,
            4.34,
            3.97,
            3.72,
            3.51,
            3.33,
            3.16
          ],
          "NEW": 0,
          "RESET": 0
        },
        "2": {
          "price_breaks": [
            270.2,
            81.53,
            43.86,
            28.68,
            25.89,
            19.69,
            13.14,
            10.28,
            8.5,
            6.76,
            5.29,
            4.82,
            4.48,
            4.21,
            3.99,
            3.79
          ],
          "NEW": 0,
          "RESET": 0
        },
        "3": {
          "price_breaks": [
            378.64,
            109.01,
            58.21,
            37.91,
            33.73,
            25.58,
            16.59,
            12.79,
            10.46,
            8.09,
            6.24,
            5.67,
            5.24,
            4.92,
            4.66,
            4.42
          ],
          "NEW": 0,
          "RESET": 0
        },
        "4": {
          "price_breaks": [
            487.23,
            136.54,
            72.6,
            47.17,
            41.6,
            31.48,
            20.05,
            15.3,
            12.43,
            9.44,
            7.2,
            6.54,
            6.01,
            5.64,
            5.34,
            5.06
          ],
          "NEW": 0,
          "RESET": 0
        },
        "5": {
          "price_breaks": [
            595.95,
            164.13,
            87.03,
            56.44,
            49.48,
            37.4,
            23.52,
            17.83,
            14.41,
            10.79,
            8.16,
            7.41,
            6.79,
            6.36,
            6.02,
            5.71
          ],
          "NEW": 0,
          "RESET": 0
        },
        "6": {
          "price_breaks": [
            704.82,
            191.78,
            101.48,
            65.74,
            57.38,
            43.34,
            27.01,
            20.36,
            16.4,
            12.14,
            9.13,
            8.28,
            7.57,
            7.09,
            6.7,
            6.35
          ],
          "NEW": 0,
          "RESET": 0
        },
        "7": {
          "price_breaks": [
            813.83,
            219.49,
            115.97,
            75.06,
            65.31,
            49.29,
            30.5,
            22.91,
            18.39,
            13.51,
            10.11,
            9.16,
            8.36,
            7.82,
            7.4,
            7.01
          ],
          "NEW": 0,
          "RESET": 0
        },
        "8": {
          "price_breaks": [
            918.24,
            245.56,
            129.27,
            83.95,
            72.81,
            54.9,
            33.71,
            25.29,
            20.26,
            14.77,
            10.94,
            9.91,
            9.02,
            8.43,
            7.97,
            7.56
          ],
          "NEW": 0,
          "RESET": 0
        },
        "9": {
          "price_breaks": [
            1022.74,
            271.67,
            142.59,
            92.86,
            80.33,
            60.53,
            36.93,
            27.69,
            22.14,
            16.03,
            11.77,
            10.66,
            9.69,
            9.05,
            8.55,
            8.1
          ],
          "NEW": 0,
          "RESET": 0
        }
      }
    }
  },
  "RESET": {
    "STANDARD": {
      "A4": {
        "10": {
          "price_breaks": [
            568.74,
            146.73,
            76.79,
            50.05,
            43.09,
            30.99,
            18.57,
            14.02,
            10.9,
            7.6,
            5.58,
            5.18,
            4.68,
            4.36,
            4.12,
            3.9
          ],
          "NEW": 0,
          "RESET": 0
        },
        "1": {
          "price_breaks": [
            61.94,
            21.04,
            11.7,
            7.73,
            7.34,
            5.13,
            3.67,
            3.06,
            2.52,
            2.11,
            1.78,
            1.68,
            1.58,
            1.49,
            1.41,
            1.34
          ],
          "NEW": 0,
          "RESET": 0
        },
        "2": {
          "price_breaks": [
            97.84,
            30.78,
            16.87,
            11.01,
            10.24,
            7.12,
            4.9,
            3.98,
            3.22,
            2.61,
            2.17,
            2.05,
            1.92,
            1.81,
            1.71,
            1.63
          ],
          "NEW": 0,
          "RESET": 0
        },
        "3": {
          "price_breaks": [
            157.03,
            45.18,
            24.38,
            15.85,
            14.31,
            10.06,
            6.59,
            5.22,
            4.16,
            3.22,
            2.61,
            2.45,
            2.27,
            2.13,
            2.02,
            1.92
          ],
          "NEW": 0,
          "RESET": 0
        },
        "4": {
          "price_breaks": [
            216.28,
            59.61,
            31.9,
            20.71,
            18.39,
            12.99,
            8.29,
            6.46,
            5.1,
            3.83,
            3.04,
            2.85,
            2.62,
            2.46,
            2.33,
            2.21
          ],
          "NEW": 0,
          "RESET": 0
        },
        "5": {
          "price_breaks": [
            275.59,
            74.06,
            39.43,
            25.57,
            22.48,
            15.94,
            10.0,
            7.71,
            6.05,
            4.44,
            3.48,
            3.25,
            2.98,
            2.79,
            2.64,
            2.5
          ],
          "NEW": 0,
          "RESET": 0
        },
        "6": {
          "price_breaks": [
            334.96,
            88.52,
            46.97,
            30.44,
            26.57,
            18.89,
            11.7,
            8.96,
            7.0,
            5.05,
            3.92,
            3.65,
            3.34,
            3.12,
            2.95,
            2.8
          ],
          "NEW": 0,
          "RESET": 0
        },
        "7": {
          "price_breaks": [
            394.4,
            103.01,
            54.53,
            35.32,
            30.68,
            21.84,
            13.42,
            10.21,
            7.96,
            5.67,
            4.37,
            4.06,
            3.7,
            3.46,
            3.27,
            3.1
          ],
          "NEW": 0,
          "RESET": 0
        },
        "8": {
          "price_breaks": [
            452.46,
            117.56,
            61.94,
            40.22,
            34.8,
            24.89,
            15.13,
            11.48,
            8.94,
            6.31,
            4.77,
            4.43,
            4.02,
            3.76,
            3.55,
            3.36
          ],
          "NEW": 0,
          "RESET": 0
        },
        "9": {
          "price_breaks": [
            510.57,
            132.14,
            69.36,
            45.13,
            38.94,
            27.93,
            16.85,
            12.74,
            9.91,
            6.95,
            5.17,
            4.81,
            4.35,
            4.06,
            3.83,
            3.63
          ],
          "NEW": 0,
          "RESET": 0
        }
      },
      "A5": {
        "10": {
          "price_breaks": [
            339.88,
            96.12,
            52.26,
            34.12,
            30.72,
            21.46,
            13.77,
            10.79,
            8.48,
            6.47,
            5.05,
            4.65,
            4.29,
            4.03,
            3.82,
            3.62
          ],
          "NEW": 0,
          "RESET": 0
        },
        "1": {
          "price_breaks": [
            53.43,
            17.98,
            10.42,
            6.95,
            6.64,
            4.61,
            3.37,
            2.82,
            2.31,
            1.94,
            1.64,
            1.54,
            1.45,
            1.37,
            1.3,
            1.24
          ],
          "NEW": 0,
          "RESET": 0
        },
        "2": {
          "price_breaks": [
            83.42,
            26.14,
            14.85,
            9.78,
            9.16,
            6.34,
            4.46,
            3.65,
            2.95,
            2.41,
            2.01,
            1.89,
            1.77,
            1.67,
            1.58,
            1.5
          ],
          "NEW": 0,
          "RESET": 0
        },
        "3": {
          "price_breaks": [
            113.47,
            34.32,
            19.31,
            12.63,
            11.7,
            8.08,
            5.56,
            4.49,
            3.59,
            2.88,
            2.39,
            2.24,
            2.09,
            1.97,
            1.87,
            1.78
          ],
          "NEW": 0,
          "RESET": 0
        },
        "4": {
          "price_breaks": [
            162.16,
            46.25,
            25.63,
            16.72,
            15.17,
            10.57,
            7.03,
            5.58,
            4.42,
            3.44,
            2.79,
            2.61,
            2.43,
            2.28,
            2.16,
            2.05
          ],
          "NEW": 0,
          "RESET": 0
        },
        "5": {
          "price_breaks": [
            192.34,
            54.48,
            30.11,
            19.58,
            17.73,
            12.32,
            8.14,
            6.43,
            5.07,
            3.91,
            3.17,
            2.97,
            2.75,
            2.59,
            2.45,
            2.33
          ],
          "NEW": 0,
          "RESET": 0
        },
        "6": {
          "price_breaks": [
            222.58,
            62.73,
            34.6,
            22.46,
            20.29,
            14.08,
            9.25,
            7.28,
            5.72,
            4.4,
            3.56,
            3.33,
            3.08,
            2.9,
            2.75,
            2.61
          ],
          "NEW": 0,
          "RESET": 0
        },
        "7": {
          "price_breaks": [
            252.89,
            71.0,
            39.11,
            25.34,
            22.87,
            15.85,
            10.37,
            8.14,
            6.38,
            4.89,
            3.95,
            3.69,
            3.42,
            3.21,
            3.05,
            2.89
          ],
          "NEW": 0,
          "RESET": 0
        },
        "8": {
          "price_breaks": [
            281.83,
            79.35,
            43.48,
            28.26,
            25.48,
            17.71,
            11.5,
            9.02,
            7.08,
            5.41,
            4.31,
            4.01,
            3.71,
            3.49,
            3.3,
            3.13
          ],
          "NEW": 0,
          "RESET": 0
        },
        "9": {
          "price_breaks": [
            310.83,
            87.73,
            47.86,
            31.19,
            28.09,
            19.58,
            12.63,
            9.9,
            7.78,
            5.94,
            4.68,
            4.33,
            4.0,
            3.76,
            3.56,
            3.38
          ],
          "NEW": 0,
          "RESET": 0
        }
      },
      "A6": {
        "10": {
          "price_breaks": [
            274.08,
            82.58,
            45.53,
            29.62,
            27.3,
            18.7,
            12.34,
            9.79,
            7.68,
            6.07,
            4.83,
            4.41,
            4.11,
            3.87,
            3.67,
            3.48
          ],
          "NEW": 0,
          "RESET": 0
        },
        "1": {
          "price_breaks": [
            48.06,
            16.57,
            9.78,
            6.52,
            6.29,
            4.31,
            3.19,
            2.67,
            2.18,
            1.85,
            1.56,
            1.47,
            1.38,
            1.31,
            1.24,
            1.18
          ],
          "NEW": 0,
          "RESET": 0
        },
        "2": {
          "price_breaks": [
            73.39,
            23.79,
            13.74,
            9.04,
            8.57,
            5.85,
            4.17,
            3.43,
            2.76,
            2.28,
            1.92,
            1.8,
            1.69,
            1.59,
            1.51,
            1.44
          ],
          "NEW": 0,
          "RESET": 0
        },
        "3": {
          "price_breaks": [
            98.79,
            31.04,
            17.73,
            11.57,
            10.87,
            7.4,
            5.17,
            4.2,
            3.34,
            2.73,
            2.28,
            2.14,
            2.0,
            1.89,
            1.79,
            1.7
          ],
          "NEW": 0,
          "RESET": 0
        },
        "4": {
          "price_breaks": [
            124.25,
            38.31,
            21.72,
            14.1,
            13.18,
            8.95,
            6.18,
            4.98,
            3.93,
            3.18,
            2.64,
            2.48,
            2.32,
            2.19,
            2.07,
            1.97
          ],
          "NEW": 0,
          "RESET": 0
        },
        "5": {
          "price_breaks": [
            149.78,
            45.6,
            25.72,
            16.65,
            15.49,
            10.51,
            7.18,
            5.76,
            4.52,
            3.62,
            3.0,
            2.82,
            2.63,
            2.48,
            2.35,
            2.23
          ],
          "NEW": 0,
          "RESET": 0
        },
        "6": {
          "price_breaks": [
            175.37,
            52.91,
            29.75,
            19.21,
            17.81,
            12.08,
            8.19,
            6.54,
            5.12,
            4.08,
            3.38,
            3.16,
            2.95,
            2.78,
            2.64,
            2.5
          ],
          "NEW": 0,
          "RESET": 0
        },
        "7": {
          "price_breaks": [
            201.03,
            60.25,
            33.78,
            21.77,
            20.15,
            13.65,
            9.22,
            7.33,
            5.72,
            4.54,
            3.75,
            3.51,
            3.28,
            3.09,
            2.93,
            2.78
          ],
          "NEW": 0,
          "RESET": 0
        },
        "8": {
          "price_breaks": [
            225.32,
            67.67,
            37.69,
            24.38,
            22.52,
            15.33,
            10.25,
            8.15,
            6.37,
            5.05,
            4.11,
            3.81,
            3.55,
            3.35,
            3.17,
            3.01
          ],
          "NEW": 0,
          "RESET": 0
        },
        "9": {
          "price_breaks": [
            249.68,
            75.11,
            41.6,
            27.0,
            24.91,
            17.01,
            11.29,
            8.97,
            7.02,
            5.56,
            4.47,
            4.11,
            3.83,
            3.61,
            3.42,
            3.24
          ],
          "NEW": 0,
          "RESET": 0
        }
      },
      "A3": {
        "10": {
          "price_breaks": [
            483.82,
            148.52,
            77.86,
            48.82,
            43.79,
            32.6,
            20.22,
            14.95,
            11.96,
            9.24,
            6.88,
            6.12,
            5.63,
            5.28,
            5.0,
            4.74
          ],
          "NEW": 0,
          "RESET": 0
        },
        "1": {
          "price_breaks": [
            77.29,
            30.78,
            16.7,
            10.61,
            10.11,
            7.86,
            5.6,
            4.4,
            3.74,
            3.2,
            2.53,
            2.26,
            2.13,
            2.01,
            1.91,
            1.81
          ],
          "NEW": 0,
          "RESET": 0
        },
        "2": {
          "price_breaks": [
            123.25,
            44.3,
            23.77,
            14.96,
            13.95,
            10.72,
            7.29,
            5.61,
            4.68,
            3.9,
            3.03,
            2.71,
            2.53,
            2.39,
            2.27,
            2.15
          ],
          "NEW": 0,
          "RESET": 0
        },
        "3": {
          "price_breaks": [
            169.3,
            57.86,
            30.86,
            19.32,
            17.81,
            13.58,
            9.0,
            6.82,
            5.63,
            4.6,
            3.54,
            3.16,
            2.95,
            2.78,
            2.63,
            2.5
          ],
          "NEW": 0,
          "RESET": 0
        },
        "4": {
          "price_breaks": [
            215.43,
            71.46,
            37.97,
            23.69,
            21.68,
            16.46,
            10.71,
            8.04,
            6.59,
            5.31,
            4.05,
            3.62,
            3.36,
            3.16,
            3.0,
            2.85
          ],
          "NEW": 0,
          "RESET": 0
        },
        "5": {
          "price_breaks": [
            261.63,
            85.08,
            45.1,
            28.08,
            25.56,
            19.34,
            12.42,
            9.26,
            7.54,
            6.02,
            4.57,
            4.07,
            3.78,
            3.55,
            3.37,
            3.19
          ],
          "NEW": 0,
          "RESET": 0
        },
        "6": {
          "price_breaks": [
            307.91,
            98.75,
            52.25,
            32.48,
            29.46,
            22.24,
            14.15,
            10.49,
            8.51,
            6.74,
            5.09,
            4.54,
            4.2,
            3.95,
            3.74,
            3.55
          ],
          "NEW": 0,
          "RESET": 0
        },
        "7": {
          "price_breaks": [
            354.27,
            112.44,
            59.43,
            36.89,
            33.37,
            25.14,
            15.88,
            11.72,
            9.48,
            7.46,
            5.62,
            5.0,
            4.62,
            4.34,
            4.12,
            3.9
          ],
          "NEW": 0,
          "RESET": 0
        },
        "8": {
          "price_breaks": [
            397.4,
            124.45,
            65.56,
            40.86,
            36.83,
            27.62,
            17.33,
            12.79,
            10.3,
            8.05,
            6.03,
            5.37,
            4.96,
            4.65,
            4.41,
            4.18
          ],
          "NEW": 0,
          "RESET": 0
        },
        "9": {
          "price_breaks": [
            440.59,
            136.47,
            71.71,
            44.83,
            40.31,
            30.11,
            18.77,
            13.87,
            11.13,
            8.64,
            6.45,
            5.74,
            5.29,
            4.97,
            4.7,
            4.46
          ],
          "NEW": 0,
          "RESET": 0
        }
      },
      "A2": {
        "10": {
          "price_breaks": [
            709.5,
            214.27,
            114.16,
            73.94,
            66.97,
            49.45,
            31.8,
            24.53,
            19.84,
            15.63,
            12.06,
            10.99,
            10.19,
            9.58,
            9.08,
            8.62
          ],
          "NEW": 0,
          "RESET": 0
        },
        "1": {
          "price_breaks": [
            120.12,
            45.75,
            25.36,
            16.69,
            15.99,
            12.15,
            8.86,
            7.23,
            6.13,
            5.26,
            4.29,
            3.93,
            3.7,
            3.5,
            3.32,
            3.15
          ],
          "NEW": 0,
          "RESET": 0
        },
        "2": {
          "price_breaks": [
            186.63,
            64.81,
            35.5,
            23.11,
            21.72,
            16.35,
            11.46,
            9.17,
            7.67,
            6.42,
            5.17,
            4.74,
            4.44,
            4.19,
            3.98,
            3.78
          ],
          "NEW": 0,
          "RESET": 0
        },
        "3": {
          "price_breaks": [
            253.29,
            83.93,
            45.68,
            29.55,
            27.46,
            20.56,
            14.08,
            11.12,
            9.21,
            7.59,
            6.07,
            5.55,
            5.19,
            4.9,
            4.64,
            4.41
          ],
          "NEW": 0,
          "RESET": 0
        },
        "4": {
          "price_breaks": [
            320.09,
            103.12,
            55.89,
            36.02,
            33.24,
            24.8,
            16.71,
            13.08,
            10.76,
            8.77,
            6.97,
            6.37,
            5.95,
            5.61,
            5.32,
            5.05
          ],
          "NEW": 0,
          "RESET": 0
        },
        "5": {
          "price_breaks": [
            387.03,
            122.35,
            66.13,
            42.51,
            39.03,
            29.04,
            19.34,
            15.04,
            12.32,
            9.95,
            7.88,
            7.2,
            6.71,
            6.32,
            5.99,
            5.69
          ],
          "NEW": 0,
          "RESET": 0
        },
        "6": {
          "price_breaks": [
            454.11,
            141.64,
            76.41,
            49.02,
            44.84,
            33.31,
            21.99,
            17.02,
            13.89,
            11.14,
            8.8,
            8.03,
            7.47,
            7.04,
            6.67,
            6.33
          ],
          "NEW": 0,
          "RESET": 0
        },
        "7": {
          "price_breaks": [
            521.34,
            160.99,
            86.72,
            55.56,
            50.68,
            37.59,
            24.65,
            19.01,
            15.47,
            12.34,
            9.72,
            8.87,
            8.24,
            7.76,
            7.36,
            6.98
          ],
          "NEW": 0,
          "RESET": 0
        },
        "8": {
          "price_breaks": [
            583.95,
            178.7,
            95.84,
            61.66,
            56.09,
            41.53,
            27.02,
            20.84,
            16.92,
            13.43,
            10.49,
            9.57,
            8.89,
            8.36,
            7.93,
            7.52
          ],
          "NEW": 0,
          "RESET": 0
        },
        "9": {
          "price_breaks": [
            646.68,
            196.46,
            104.99,
            67.79,
            61.52,
            45.49,
            29.41,
            22.68,
            18.37,
            14.52,
            11.27,
            10.28,
            9.54,
            8.97,
            8.5,
            8.07
          ],
          "NEW": 0,
          "RESET": 0
        }
      }
    }
  },
  "NOSETUP": {
    "STANDARD": {
      "A4": {
        "10": {
          "price_breaks": [
            150.87,
            63.16,
            35.0,
            22.19,
            22.19,
            14.28,
            10.21,
            8.44,
            6.72,
            5.92,
            5.02,
            4.76,
            4.51,
            4.28,
            4.06,
            3.86
          ],
          "NEW": 0,
          "RESET": 0
        },
        "1": {
          "price_breaks": [
            38.72,
            16.4,
            9.38,
            6.18,
            6.18,
            4.2,
            3.21,
            2.75,
            2.28,
            2.01,
            1.75,
            1.65,
            1.57,
            1.49,
            1.41,
            1.34
          ],
          "NEW": 0,
          "RESET": 0
        },
        "2": {
          "price_breaks": [
            51.41,
            21.49,
            12.23,
            7.92,
            7.92,
            5.27,
            3.97,
            3.36,
            2.75,
            2.43,
            2.11,
            2.0,
            1.9,
            1.8,
            1.71,
            1.62
          ],
          "NEW": 0,
          "RESET": 0
        },
        "3": {
          "price_breaks": [
            64.17,
            26.61,
            15.09,
            9.66,
            9.66,
            6.34,
            4.73,
            3.98,
            3.23,
            2.85,
            2.48,
            2.35,
            2.23,
            2.11,
            2.01,
            1.91
          ],
          "NEW": 0,
          "RESET": 0
        },
        "4": {
          "price_breaks": [
            76.99,
            31.75,
            17.97,
            11.42,
            11.42,
            7.42,
            5.51,
            4.61,
            3.71,
            3.27,
            2.86,
            2.71,
            2.57,
            2.43,
            2.31,
            2.2
          ],
          "NEW": 0,
          "RESET": 0
        },
        "5": {
          "price_breaks": [
            89.87,
            36.91,
            20.86,
            13.19,
            13.19,
            8.51,
            6.28,
            5.23,
            4.2,
            3.7,
            3.23,
            3.07,
            2.91,
            2.75,
            2.62,
            2.49
          ],
          "NEW": 0,
          "RESET": 0
        },
        "6": {
          "price_breaks": [
            102.81,
            42.09,
            23.75,
            14.96,
            14.96,
            9.6,
            7.06,
            5.86,
            4.68,
            4.12,
            3.61,
            3.42,
            3.24,
            3.07,
            2.92,
            2.77
          ],
          "NEW": 0,
          "RESET": 0
        },
        "7": {
          "price_breaks": [
            115.82,
            47.3,
            26.67,
            16.75,
            16.75,
            10.7,
            7.85,
            6.5,
            5.18,
            4.56,
            3.99,
            3.79,
            3.59,
            3.4,
            3.23,
            3.07
          ],
          "NEW": 0,
          "RESET": 0
        },
        "8": {
          "price_breaks": [
            127.45,
            52.56,
            29.44,
            18.55,
            18.55,
            11.89,
            8.63,
            7.14,
            5.69,
            5.01,
            4.33,
            4.11,
            3.89,
            3.69,
            3.51,
            3.33
          ],
          "NEW": 0,
          "RESET": 0
        },
        "9": {
          "price_breaks": [
            139.14,
            57.85,
            32.21,
            20.37,
            20.37,
            13.08,
            9.42,
            7.79,
            6.2,
            5.46,
            4.68,
            4.43,
            4.2,
            3.98,
            3.78,
            3.59
          ],
          "NEW": 0,
          "RESET": 0
        }
      },
      "A5": {
        "10": {
          "price_breaks": [
            135.6,
            55.27,
            31.83,
            20.51,
            20.51,
            13.29,
            9.69,
            8.07,
            6.44,
            5.66,
            4.78,
            4.45,
            4.21,
            3.99,
            3.79,
            3.6
          ],
          "NEW": 0,
          "RESET": 0
        },
        "1": {
          "price_breaks": [
            34.86,
            14.26,
            8.56,
            5.71,
            5.71,
            3.87,
            3.0,
            2.57,
            2.13,
            1.87,
            1.62,
            1.52,
            1.44,
            1.37,
            1.3,
            1.23
          ],
          "NEW": 0,
          "RESET": 0
        },
        "2": {
          "price_breaks": [
            46.28,
            18.71,
            11.14,
            7.31,
            7.31,
            4.86,
            3.71,
            3.15,
            2.58,
            2.26,
            1.96,
            1.85,
            1.75,
            1.66,
            1.58,
            1.5
          ],
          "NEW": 0,
          "RESET": 0
        },
        "3": {
          "price_breaks": [
            57.76,
            23.18,
            13.74,
            8.91,
            8.91,
            5.85,
            4.44,
            3.75,
            3.03,
            2.66,
            2.31,
            2.18,
            2.07,
            1.96,
            1.86,
            1.77
          ],
          "NEW": 0,
          "RESET": 0
        },
        "4": {
          "price_breaks": [
            69.31,
            27.68,
            16.35,
            10.53,
            10.53,
            6.86,
            5.17,
            4.34,
            3.49,
            3.06,
            2.67,
            2.52,
            2.39,
            2.26,
            2.15,
            2.04
          ],
          "NEW": 0,
          "RESET": 0
        },
        "5": {
          "price_breaks": [
            80.91,
            32.19,
            18.97,
            12.16,
            12.16,
            7.87,
            5.91,
            4.94,
            3.96,
            3.47,
            3.02,
            2.86,
            2.71,
            2.57,
            2.44,
            2.32
          ],
          "NEW": 0,
          "RESET": 0
        },
        "6": {
          "price_breaks": [
            92.59,
            36.73,
            21.6,
            13.79,
            13.79,
            8.88,
            6.65,
            5.55,
            4.42,
            3.88,
            3.39,
            3.2,
            3.03,
            2.87,
            2.73,
            2.59
          ],
          "NEW": 0,
          "RESET": 0
        },
        "7": {
          "price_breaks": [
            104.33,
            41.29,
            24.26,
            15.44,
            15.44,
            9.91,
            7.4,
            6.16,
            4.9,
            4.29,
            3.75,
            3.55,
            3.36,
            3.18,
            3.03,
            2.87
          ],
          "NEW": 0,
          "RESET": 0
        },
        "8": {
          "price_breaks": [
            114.7,
            45.93,
            26.77,
            17.12,
            17.12,
            11.03,
            8.16,
            6.79,
            5.41,
            4.74,
            4.09,
            3.84,
            3.64,
            3.45,
            3.28,
            3.12
          ],
          "NEW": 0,
          "RESET": 0
        },
        "9": {
          "price_breaks": [
            125.13,
            50.59,
            29.29,
            18.81,
            18.81,
            12.16,
            8.92,
            7.43,
            5.92,
            5.2,
            4.43,
            4.14,
            3.93,
            3.72,
            3.54,
            3.36
          ],
          "NEW": 0,
          "RESET": 0
        }
      },
      "A6": {
        "10": {
          "price_breaks": [
            134.79,
            54.72,
            31.6,
            20.34,
            20.34,
            13.13,
            9.55,
            7.94,
            6.29,
            5.51,
            4.64,
            4.27,
            4.05,
            3.84,
            3.65,
            3.47
          ],
          "NEW": 0,
          "RESET": 0
        },
        "1": {
          "price_breaks": [
            34.13,
            13.79,
            8.39,
            5.59,
            5.59,
            3.76,
            2.91,
            2.48,
            2.04,
            1.79,
            1.55,
            1.45,
            1.38,
            1.3,
            1.24,
            1.18
          ],
          "NEW": 0,
          "RESET": 0
        },
        "2": {
          "price_breaks": [
            45.53,
            18.22,
            10.96,
            7.18,
            7.18,
            4.73,
            3.62,
            3.06,
            2.48,
            2.17,
            1.88,
            1.77,
            1.68,
            1.59,
            1.51,
            1.43
          ],
          "NEW": 0,
          "RESET": 0
        },
        "3": {
          "price_breaks": [
            57.0,
            22.68,
            13.55,
            8.78,
            8.78,
            5.73,
            4.34,
            3.65,
            2.93,
            2.56,
            2.22,
            2.09,
            1.98,
            1.88,
            1.79,
            1.7
          ],
          "NEW": 0,
          "RESET": 0
        },
        "4": {
          "price_breaks": [
            68.54,
            27.17,
            16.15,
            10.39,
            10.39,
            6.72,
            5.06,
            4.24,
            3.38,
            2.95,
            2.57,
            2.42,
            2.29,
            2.17,
            2.07,
            1.96
          ],
          "NEW": 0,
          "RESET": 0
        },
        "5": {
          "price_breaks": [
            80.13,
            31.67,
            18.76,
            12.0,
            12.0,
            7.72,
            5.79,
            4.83,
            3.83,
            3.35,
            2.91,
            2.75,
            2.6,
            2.47,
            2.34,
            2.23
          ],
          "NEW": 0,
          "RESET": 0
        },
        "6": {
          "price_breaks": [
            91.79,
            36.2,
            21.39,
            13.63,
            13.63,
            8.73,
            6.52,
            5.43,
            4.29,
            3.75,
            3.26,
            3.08,
            2.92,
            2.77,
            2.63,
            2.5
          ],
          "NEW": 0,
          "RESET": 0
        },
        "7": {
          "price_breaks": [
            103.52,
            40.75,
            24.03,
            15.27,
            15.27,
            9.75,
            7.26,
            6.03,
            4.75,
            4.15,
            3.62,
            3.42,
            3.24,
            3.07,
            2.91,
            2.77
          ],
          "NEW": 0,
          "RESET": 0
        },
        "8": {
          "price_breaks": [
            113.89,
            45.38,
            26.54,
            16.95,
            16.95,
            10.87,
            8.02,
            6.66,
            5.26,
            4.6,
            3.96,
            3.7,
            3.51,
            3.32,
            3.16,
            3.0
          ],
          "NEW": 0,
          "RESET": 0
        },
        "9": {
          "price_breaks": [
            124.31,
            50.04,
            29.07,
            18.64,
            18.64,
            12.0,
            8.79,
            7.3,
            5.77,
            5.06,
            4.3,
            3.99,
            3.78,
            3.58,
            3.4,
            3.23
          ],
          "NEW": 0,
          "RESET": 0
        }
      },
      "A3": {
        "10": {
          "price_breaks": [
            182.03,
            88.16,
            47.68,
            28.7,
            28.7,
            20.53,
            14.19,
            10.92,
            8.94,
            8.03,
            6.47,
            5.81,
            5.51,
            5.22,
            4.96,
            4.71
          ],
          "NEW": 0,
          "RESET": 0
        },
        "1": {
          "price_breaks": [
            47.11,
            24.75,
            13.68,
            8.6,
            8.6,
            6.66,
            4.99,
            4.0,
            3.43,
            3.08,
            2.49,
            2.23,
            2.11,
            2.0,
            1.9,
            1.81
          ],
          "NEW": 0,
          "RESET": 0
        },
        "2": {
          "price_breaks": [
            62.9,
            32.23,
            17.73,
            10.93,
            10.93,
            8.3,
            6.09,
            4.8,
            4.08,
            3.66,
            2.95,
            2.65,
            2.51,
            2.38,
            2.26,
            2.15
          ],
          "NEW": 0,
          "RESET": 0
        },
        "3": {
          "price_breaks": [
            78.76,
            39.75,
            21.8,
            13.28,
            13.28,
            9.96,
            7.19,
            5.61,
            4.73,
            4.24,
            3.42,
            3.07,
            2.91,
            2.76,
            2.62,
            2.49
          ],
          "NEW": 0,
          "RESET": 0
        },
        "4": {
          "price_breaks": [
            94.71,
            47.31,
            25.9,
            15.65,
            15.65,
            11.63,
            8.29,
            6.43,
            5.38,
            4.83,
            3.89,
            3.5,
            3.31,
            3.14,
            2.98,
            2.83
          ],
          "NEW": 0,
          "RESET": 0
        },
        "5": {
          "price_breaks": [
            110.73,
            54.9,
            30.01,
            18.02,
            18.02,
            13.3,
            9.41,
            7.25,
            6.04,
            5.42,
            4.37,
            3.92,
            3.72,
            3.52,
            3.35,
            3.18
          ],
          "NEW": 0,
          "RESET": 0
        },
        "6": {
          "price_breaks": [
            126.84,
            62.53,
            34.15,
            20.41,
            20.41,
            14.99,
            10.53,
            8.08,
            6.7,
            6.02,
            4.85,
            4.36,
            4.13,
            3.91,
            3.72,
            3.53
          ],
          "NEW": 0,
          "RESET": 0
        },
        "7": {
          "price_breaks": [
            143.02,
            70.19,
            38.3,
            22.81,
            22.81,
            16.69,
            11.66,
            8.91,
            7.37,
            6.62,
            5.33,
            4.79,
            4.54,
            4.3,
            4.09,
            3.88
          ],
          "NEW": 0,
          "RESET": 0
        },
        "8": {
          "price_breaks": [
            155.97,
            76.16,
            41.42,
            24.76,
            24.76,
            17.96,
            12.5,
            9.57,
            7.89,
            7.08,
            5.71,
            5.13,
            4.86,
            4.61,
            4.38,
            4.16
          ],
          "NEW": 0,
          "RESET": 0
        },
        "9": {
          "price_breaks": [
            168.97,
            82.15,
            44.54,
            26.73,
            26.73,
            19.24,
            13.34,
            10.25,
            8.41,
            7.56,
            6.09,
            5.47,
            5.18,
            4.91,
            4.67,
            4.43
          ],
          "NEW": 0,
          "RESET": 0
        }
      },
      "A2": {
        "10": {
          "price_breaks": [
            291.65,
            130.7,
            72.37,
            46.08,
            46.08,
            32.74,
            23.44,
            18.95,
            15.66,
            13.95,
            11.5,
            10.58,
            10.02,
            9.5,
            9.03,
            8.57
          ],
          "NEW": 0,
          "RESET": 0
        },
        "1": {
          "price_breaks": [
            78.33,
            37.4,
            21.18,
            13.9,
            13.9,
            10.48,
            8.03,
            6.68,
            5.72,
            5.1,
            4.23,
            3.89,
            3.68,
            3.49,
            3.32,
            3.15
          ],
          "NEW": 0,
          "RESET": 0
        },
        "2": {
          "price_breaks": [
            103.06,
            48.1,
            27.15,
            17.54,
            17.54,
            13.01,
            9.79,
            8.05,
            6.83,
            6.09,
            5.06,
            4.65,
            4.41,
            4.18,
            3.97,
            3.77
          ],
          "NEW": 0,
          "RESET": 0
        },
        "3": {
          "price_breaks": [
            127.93,
            58.86,
            33.14,
            21.2,
            21.2,
            15.55,
            11.57,
            9.44,
            7.96,
            7.09,
            5.9,
            5.42,
            5.14,
            4.87,
            4.63,
            4.4
          ],
          "NEW": 0,
          "RESET": 0
        },
        "4": {
          "price_breaks": [
            152.95,
            69.69,
            39.18,
            24.88,
            24.88,
            18.11,
            13.36,
            10.85,
            9.09,
            8.1,
            6.75,
            6.2,
            5.88,
            5.57,
            5.29,
            5.03
          ],
          "NEW": 0,
          "RESET": 0
        },
        "5": {
          "price_breaks": [
            178.1,
            80.56,
            45.24,
            28.58,
            28.58,
            20.69,
            15.16,
            12.25,
            10.23,
            9.12,
            7.6,
            6.99,
            6.62,
            6.28,
            5.96,
            5.66
          ],
          "NEW": 0,
          "RESET": 0
        },
        "6": {
          "price_breaks": [
            203.4,
            91.5,
            51.34,
            32.31,
            32.31,
            23.28,
            16.98,
            13.67,
            11.38,
            10.14,
            8.46,
            7.78,
            7.37,
            6.99,
            6.64,
            6.3
          ],
          "NEW": 0,
          "RESET": 0
        },
        "7": {
          "price_breaks": [
            228.84,
            102.49,
            57.47,
            36.06,
            36.06,
            25.89,
            18.8,
            15.11,
            12.54,
            11.17,
            9.33,
            8.58,
            8.13,
            7.7,
            7.32,
            6.95
          ],
          "NEW": 0,
          "RESET": 0
        },
        "8": {
          "price_breaks": [
            249.67,
            111.84,
            62.41,
            39.38,
            39.38,
            28.16,
            20.34,
            16.38,
            13.57,
            12.09,
            10.05,
            9.24,
            8.75,
            8.3,
            7.88,
            7.49
          ],
          "NEW": 0,
          "RESET": 0
        },
        "9": {
          "price_breaks": [
            270.61,
            121.25,
            67.38,
            42.72,
            42.72,
            30.44,
            21.88,
            17.66,
            14.61,
            13.02,
            10.77,
            9.9,
            9.39,
            8.9,
            8.45,
            8.03
          ],
          "NEW": 0,
          "RESET": 0
        }
      }
    }
  }
}